{
  "classes": [
    "A1",
    "A2",
    "B1",
    "B2",
    "C1/C2"
  ],
  "A1": {
    "precision": 0.06352765321375187,
    "recall": 0.4292929292929293,
    "f1-score": 0.11067708333333333,
    "support": 198
  },
  "A2": {
    "precision": 0.45558739255014324,
    "recall": 0.13632466418976852,
    "f1-score": 0.20985481742190937,
    "support": 3499
  },
  "B1": {
    "precision": 0.5589926630973627,
    "recall": 0.3168839928057554,
    "f1-score": 0.4044766482531028,
    "support": 8896
  },
  "B2": {
    "precision": 0.2478954642543033,
    "recall": 0.5068070896480863,
    "f1-score": 0.3329395882551468,
    "support": 3893
  },
  "C1/C2": {
    "precision": 0.15734720416124837,
    "recall": 0.30049668874172186,
    "f1-score": 0.2065433854907539,
    "support": 1208
  },
  "weighted_avg": {
    "precision": 0.4371317937013793,
    "recall": 0.3231038770204589,
    "f1-score": 0.3334496754984164,
    "support": 17694
  },
  "macro_avg": {
    "precision": 0.2966700754553619,
    "recall": 0.33796107293565225,
    "f1-score": 0.2528983045508492,
    "support": 17694
  }
}