{
  "classes": [
    "A1",
    "A2",
    "B1",
    "B2",
    "C1/C2"
  ],
  "A1": {
    "precision": 0.943693139906565,
    "recall": 0.9595,
    "f1-score": 0.95153092847403,
    "support": 4000
  },
  "A2": {
    "precision": 0.9273412271259419,
    "recall": 0.8615,
    "f1-score": 0.8932089165370658,
    "support": 4000
  },
  "B1": {
    "precision": 0.8462294276590518,
    "recall": 0.865143144148669,
    "f1-score": 0.8555817707686576,
    "support": 3982
  },
  "B2": {
    "precision": 0.8350386823059646,
    "recall": 0.8922666666666667,
    "f1-score": 0.8627046538610288,
    "support": 3750
  },
  "C1/C2": {
    "precision": 0.8776709401709402,
    "recall": 0.8210894552723638,
    "f1-score": 0.8484379034340305,
    "support": 2001
  },
  "weighted_avg": {
    "precision": 0.8876917418935201,
    "recall": 0.8863700445497096,
    "f1-score": 0.8864124901593373,
    "support": 17733
  },
  "macro_avg": {
    "precision": 0.8859946834336927,
    "recall": 0.8798998532175399,
    "f1-score": 0.8822928346149626,
    "support": 17733
  }
}