{
  "classes": [
    "A1",
    "A2",
    "B1",
    "B2",
    "C1/C2"
  ],
  "A1": {
    "precision": 0.08428246013667426,
    "recall": 0.18686868686868688,
    "f1-score": 0.11616954474097331,
    "support": 198
  },
  "A2": {
    "precision": 0.49739776951672865,
    "recall": 0.19119748499571307,
    "f1-score": 0.27621800165152766,
    "support": 3499
  },
  "B1": {
    "precision": 0.5196635120925341,
    "recall": 0.27776528776978415,
    "f1-score": 0.36202476009083584,
    "support": 8896
  },
  "B2": {
    "precision": 0.27438443749149777,
    "recall": 0.5181094271769844,
    "f1-score": 0.3587691213091427,
    "support": 3893
  },
  "C1/C2": {
    "precision": 0.129863301787592,
    "recall": 0.40894039735099336,
    "f1-score": 0.1971268954509178,
    "support": 1208
  },
  "weighted_avg": {
    "precision": 0.4298102639276077,
    "recall": 0.3214649033570702,
    "f1-score": 0.3303310784653942,
    "support": 17694
  },
  "macro_avg": {
    "precision": 0.30111829620500535,
    "recall": 0.31657625683243235,
    "f1-score": 0.2620616646486794,
    "support": 17694
  }
}