{
  "classes": [
    "A1",
    "A2",
    "B1",
    "B2",
    "C1/C2"
  ],
  "A1": {
    "precision": 0.923728813559322,
    "recall": 0.9265,
    "f1-score": 0.9251123315027459,
    "support": 4000
  },
  "A2": {
    "precision": 0.8746268656716418,
    "recall": 0.80575,
    "f1-score": 0.8387768379960963,
    "support": 4000
  },
  "B1": {
    "precision": 0.7835680751173709,
    "recall": 0.8382722250125565,
    "f1-score": 0.8099975734045135,
    "support": 3982
  },
  "B2": {
    "precision": 0.7806072477962782,
    "recall": 0.8501333333333333,
    "f1-score": 0.8138881797293848,
    "support": 3750
  },
  "C1/C2": {
    "precision": 0.8427895981087471,
    "recall": 0.7126436781609196,
    "f1-score": 0.7722718656918495,
    "support": 2001
  },
  "weighted_avg": {
    "precision": 0.8417802942024966,
    "recall": 0.8391699092088197,
    "f1-score": 0.839021242459072,
    "support": 17733
  },
  "macro_avg": {
    "precision": 0.8410641200506721,
    "recall": 0.826659847301362,
    "f1-score": 0.832009357664918,
    "support": 17733
  }
}