{
  "classes": [
    "A1",
    "A2",
    "B1",
    "B2",
    "C1/C2"
  ],
  "A1": {
    "precision": 0.9442190669371197,
    "recall": 0.931,
    "f1-score": 0.9375629405840886,
    "support": 4000
  },
  "A2": {
    "precision": 0.8533927686973749,
    "recall": 0.8615,
    "f1-score": 0.8574272207016671,
    "support": 4000
  },
  "B1": {
    "precision": 0.8324022346368715,
    "recall": 0.8606228026117528,
    "f1-score": 0.8462773181874306,
    "support": 3982
  },
  "B2": {
    "precision": 0.8265,
    "recall": 0.8816,
    "f1-score": 0.8531612903225806,
    "support": 3750
  },
  "C1/C2": {
    "precision": 0.9075887392900857,
    "recall": 0.7411294352823589,
    "f1-score": 0.8159559834938102,
    "support": 2001
  },
  "weighted_avg": {
    "precision": 0.8695952804478352,
    "recall": 0.8676478881181977,
    "f1-score": 0.8674177910024341,
    "support": 17733
  },
  "macro_avg": {
    "precision": 0.8728205619122903,
    "recall": 0.8551704475788224,
    "f1-score": 0.8620769506579155,
    "support": 17733
  }
}