{
  "classes": [
    "A1",
    "A2",
    "B1",
    "B2",
    "C1/C2"
  ],
  "A1": {
    "precision": 0.06535947712418301,
    "recall": 0.25252525252525254,
    "f1-score": 0.10384215991692627,
    "support": 198
  },
  "A2": {
    "precision": 0.43478260869565216,
    "recall": 0.25150042869391254,
    "f1-score": 0.3186673909107369,
    "support": 3499
  },
  "B1": {
    "precision": 0.5377380133058041,
    "recall": 0.26348920863309355,
    "f1-score": 0.35367785741229724,
    "support": 8896
  },
  "B2": {
    "precision": 0.2564880350522413,
    "recall": 0.5864371949653224,
    "f1-score": 0.35688604033140536,
    "support": 3893
  },
  "C1/C2": {
    "precision": 0.17811550151975683,
    "recall": 0.24254966887417218,
    "f1-score": 0.20539782684893096,
    "support": 1208
  },
  "weighted_avg": {
    "precision": 0.4256603558810529,
    "recall": 0.3306205493387589,
    "f1-score": 0.33454131896935035,
    "support": 17694
  },
  "macro_avg": {
    "precision": 0.29449672713952746,
    "recall": 0.3193003507383506,
    "f1-score": 0.26769425508405936,
    "support": 17694
  }
}