{
  "classes": [
    "A1",
    "A2",
    "B1",
    "B2",
    "C1/C2"
  ],
  "A1": {
    "precision": 0.07606679035250463,
    "recall": 0.20707070707070707,
    "f1-score": 0.1112618724559023,
    "support": 198
  },
  "A2": {
    "precision": 0.4656616415410385,
    "recall": 0.23835381537582168,
    "f1-score": 0.3153119092627599,
    "support": 3499
  },
  "B1": {
    "precision": 0.5316227774026558,
    "recall": 0.26551258992805754,
    "f1-score": 0.354149486468251,
    "support": 8896
  },
  "B2": {
    "precision": 0.2599234815877571,
    "recall": 0.5584382224505523,
    "f1-score": 0.35473606918495554,
    "support": 3893
  },
  "C1/C2": {
    "precision": 0.15721548689870943,
    "recall": 0.33278145695364236,
    "f1-score": 0.21354581673306772,
    "support": 1208
  },
  "weighted_avg": {
    "precision": 0.42814094936196995,
    "recall": 0.3285294450096078,
    "f1-score": 0.33428116405724,
    "support": 17694
  },
  "macro_avg": {
    "precision": 0.29809803555653314,
    "recall": 0.32043135835575615,
    "f1-score": 0.2698010308209873,
    "support": 17694
  }
}