{
  "classes": [
    "A1",
    "A2",
    "B1",
    "B2",
    "C1/C2"
  ],
  "A1": {
    "precision": 0.9652814308258811,
    "recall": 0.9175,
    "f1-score": 0.9407844142527557,
    "support": 4000
  },
  "A2": {
    "precision": 0.8899921609615887,
    "recall": 0.8515,
    "f1-score": 0.8703206848089945,
    "support": 4000
  },
  "B1": {
    "precision": 0.7900250512411752,
    "recall": 0.8711702661978905,
    "f1-score": 0.8286157888450973,
    "support": 3982
  },
  "B2": {
    "precision": 0.7984382625671059,
    "recall": 0.8725333333333334,
    "f1-score": 0.8338430173292558,
    "support": 3750
  },
  "C1/C2": {
    "precision": 0.8891640866873065,
    "recall": 0.7176411794102948,
    "f1-score": 0.7942477876106194,
    "support": 2001
  },
  "weighted_avg": {
    "precision": 0.8650727425297572,
    "recall": 0.860147747138104,
    "f1-score": 0.8605520557955075,
    "support": 17733
  },
  "macro_avg": {
    "precision": 0.8665801984566114,
    "recall": 0.8460689557883038,
    "f1-score": 0.8535623385693446,
    "support": 17733
  }
}