{
  "classes": [
    "A1",
    "A2",
    "B1",
    "B2",
    "C1/C2"
  ],
  "A1": {
    "precision": 0.07808219178082192,
    "recall": 0.2878787878787879,
    "f1-score": 0.12284482758620689,
    "support": 198
  },
  "A2": {
    "precision": 0.4946159368269921,
    "recall": 0.19691340382966563,
    "f1-score": 0.28168438266557644,
    "support": 3499
  },
  "B1": {
    "precision": 0.5512497903036403,
    "recall": 0.3693794964028777,
    "f1-score": 0.442350407215454,
    "support": 8896
  },
  "B2": {
    "precision": 0.2512793596640861,
    "recall": 0.4919085538145389,
    "f1-score": 0.3326385270105958,
    "support": 3893
  },
  "C1/C2": {
    "precision": 0.13122171945701358,
    "recall": 0.21605960264900662,
    "f1-score": 0.163278073193619,
    "support": 1208
  },
  "weighted_avg": {
    "precision": 0.44008058979019965,
    "recall": 0.3508533966316265,
    "f1-score": 0.36381190524854423,
    "support": 17694
  },
  "macro_avg": {
    "precision": 0.3012897996065108,
    "recall": 0.3124279689149754,
    "f1-score": 0.2685592435342904,
    "support": 17694
  }
}