{
  "classes": [
    "A1",
    "A2",
    "B1",
    "B2",
    "C1/C2"
  ],
  "A1": {
    "precision": 0.06963788300835655,
    "recall": 0.3787878787878788,
    "f1-score": 0.11764705882352941,
    "support": 198
  },
  "A2": {
    "precision": 0.4358974358974359,
    "recall": 0.16033152329236924,
    "f1-score": 0.23443376514834935,
    "support": 3499
  },
  "B1": {
    "precision": 0.5541153596889177,
    "recall": 0.2883318345323741,
    "f1-score": 0.37929759704251387,
    "support": 8896
  },
  "B2": {
    "precision": 0.2465440557759346,
    "recall": 0.5268430516311328,
    "f1-score": 0.3358991156239764,
    "support": 3893
  },
  "C1/C2": {
    "precision": 0.1494542401343409,
    "recall": 0.2947019867549669,
    "f1-score": 0.19832869080779944,
    "support": 1208
  },
  "weighted_avg": {
    "precision": 0.43001810783606825,
    "recall": 0.31694359669944616,
    "f1-score": 0.3258192382056798,
    "support": 17694
  },
  "macro_avg": {
    "precision": 0.2911297949009971,
    "recall": 0.3297992549997444,
    "f1-score": 0.2531212454892337,
    "support": 17694
  }
}