{
  "classes": [
    "A1",
    "A2",
    "B1",
    "B2",
    "C1/C2"
  ],
  "A1": {
    "precision": 0.9437671062453347,
    "recall": 0.94825,
    "f1-score": 0.9460032422995386,
    "support": 4000
  },
  "A2": {
    "precision": 0.8861892583120204,
    "recall": 0.86625,
    "f1-score": 0.8761061946902655,
    "support": 4000
  },
  "B1": {
    "precision": 0.8362676056338029,
    "recall": 0.8350075339025615,
    "f1-score": 0.835637094747424,
    "support": 3982
  },
  "B2": {
    "precision": 0.794054183649005,
    "recall": 0.8832,
    "f1-score": 0.8362580482262341,
    "support": 3750
  },
  "C1/C2": {
    "precision": 0.8780929390464696,
    "recall": 0.7271364317841079,
    "f1-score": 0.7955166757791142,
    "support": 2001
  },
  "weighted_avg": {
    "precision": 0.8675695157942241,
    "recall": 0.8656177747702024,
    "f1-score": 0.8652648287557574,
    "support": 17733
  },
  "macro_avg": {
    "precision": 0.8676742185773264,
    "recall": 0.8519687931373339,
    "f1-score": 0.8579042511485152,
    "support": 17733
  }
}