{
  "classes": [
    "A1",
    "A2",
    "B1",
    "B2",
    "C1/C2"
  ],
  "A1": {
    "precision": 0.9925074925074925,
    "recall": 0.9935,
    "f1-score": 0.9930034982508745,
    "support": 2000
  },
  "A2": {
    "precision": 0.9830254618072891,
    "recall": 0.9845,
    "f1-score": 0.9837621783662254,
    "support": 2000
  },
  "B1": {
    "precision": 0.9794486215538847,
    "recall": 0.9814163736815671,
    "f1-score": 0.980431510286001,
    "support": 1991
  },
  "B2": {
    "precision": 0.9743863393810032,
    "recall": 0.9738666666666667,
    "f1-score": 0.9741264337156575,
    "support": 1875
  },
  "C1/C2": {
    "precision": 0.9818548387096774,
    "recall": 0.974,
    "f1-score": 0.9779116465863453,
    "support": 1000
  },
  "weighted_avg": {
    "precision": 0.9824021361597571,
    "recall": 0.9824046920821115,
    "f1-score": 0.9824012181386004,
    "support": 8866
  },
  "macro_avg": {
    "precision": 0.9822445507918693,
    "recall": 0.981456608069647,
    "f1-score": 0.9818470534410209,
    "support": 8866
  }
}