{
  "classes": [
    "A1",
    "A2",
    "B1",
    "B2",
    "C1/C2"
  ],
  "A1": {
    "precision": 0.07394957983193277,
    "recall": 0.4444444444444444,
    "f1-score": 0.12680115273775217,
    "support": 198
  },
  "A2": {
    "precision": 0.5557506584723442,
    "recall": 0.18090883109459846,
    "f1-score": 0.2729624838292367,
    "support": 3499
  },
  "B1": {
    "precision": 0.5114391143911439,
    "recall": 0.07790017985611511,
    "f1-score": 0.13520632133450394,
    "support": 8896
  },
  "B2": {
    "precision": 0.25272527252725274,
    "recall": 0.6491137939892114,
    "f1-score": 0.3638065073423553,
    "support": 3893
  },
  "C1/C2": {
    "precision": 0.09698329593617552,
    "recall": 0.3220198675496689,
    "f1-score": 0.14907070319984672,
    "support": 1208
  },
  "weighted_avg": {
    "precision": 0.43008880071575484,
    "recall": 0.2447157228439019,
    "f1-score": 0.21359635674813637,
    "support": 17694
  },
  "macro_avg": {
    "precision": 0.2981695842317698,
    "recall": 0.3348774233868076,
    "f1-score": 0.20956943368873898,
    "support": 17694
  }
}