{
  "classes": [
    "A1",
    "A2",
    "B1",
    "B2",
    "C1/C2"
  ],
  "A1": {
    "precision": 0.9206117989803351,
    "recall": 0.948,
    "f1-score": 0.9341051853676561,
    "support": 4000
  },
  "A2": {
    "precision": 0.875064135454079,
    "recall": 0.85275,
    "f1-score": 0.8637629779691061,
    "support": 4000
  },
  "B1": {
    "precision": 0.8536102868447082,
    "recall": 0.8669010547463586,
    "f1-score": 0.860204335908298,
    "support": 3982
  },
  "B2": {
    "precision": 0.8882289416846653,
    "recall": 0.8773333333333333,
    "f1-score": 0.8827475181110813,
    "support": 3750
  },
  "C1/C2": {
    "precision": 0.8922764227642277,
    "recall": 0.8775612193903048,
    "f1-score": 0.8848576467624086,
    "support": 2001
  },
  "weighted_avg": {
    "precision": 0.8852469155372469,
    "recall": 0.8854113799131562,
    "f1-score": 0.8852258311070901,
    "support": 17733
  },
  "macro_avg": {
    "precision": 0.885958317145603,
    "recall": 0.8845091214939993,
    "f1-score": 0.8851355328237099,
    "support": 17733
  }
}