{
  "classes": [
    "A1",
    "A2",
    "B1",
    "B2",
    "C1/C2"
  ],
  "A1": {
    "precision": 0.07700770077007701,
    "recall": 0.35353535353535354,
    "f1-score": 0.12646793134598014,
    "support": 198
  },
  "A2": {
    "precision": 0.5322128851540616,
    "recall": 0.2715061446127465,
    "f1-score": 0.35957607872823616,
    "support": 3499
  },
  "B1": {
    "precision": 0.5171945701357467,
    "recall": 0.12848471223021582,
    "f1-score": 0.20583468395461912,
    "support": 8896
  },
  "B2": {
    "precision": 0.25386100386100385,
    "recall": 0.47290007706139225,
    "f1-score": 0.3303723642889188,
    "support": 3893
  },
  "C1/C2": {
    "precision": 0.10581437342000723,
    "recall": 0.48509933774834435,
    "f1-score": 0.1737325822709754,
    "support": 1208
  },
  "weighted_avg": {
    "precision": 0.4292148726662369,
    "recall": 0.25940996948118006,
    "f1-score": 0.26055788809183866,
    "support": 17694
  },
  "macro_avg": {
    "precision": 0.29721810666817927,
    "recall": 0.34230512503761046,
    "f1-score": 0.23919672811774592,
    "support": 17694
  }
}