{
  "classes": [
    "A1",
    "A2",
    "B1",
    "B2",
    "C1/C2"
  ],
  "A1": {
    "precision": 0.06740681998413957,
    "recall": 0.4292929292929293,
    "f1-score": 0.11651816312542837,
    "support": 198
  },
  "A2": {
    "precision": 0.45925925925925926,
    "recall": 0.15947413546727637,
    "f1-score": 0.23674162070428512,
    "support": 3499
  },
  "B1": {
    "precision": 0.5233808452113028,
    "recall": 0.23527428057553956,
    "f1-score": 0.32462194649088794,
    "support": 8896
  },
  "B2": {
    "precision": 0.23352699447357234,
    "recall": 0.42332391471872594,
    "f1-score": 0.3010045662100457,
    "support": 3893
  },
  "C1/C2": {
    "precision": 0.1261412782316194,
    "recall": 0.43460264900662254,
    "f1-score": 0.19553072625698323,
    "support": 1208
  },
  "weighted_avg": {
    "precision": 0.4147049819766119,
    "recall": 0.277438679778456,
    "f1-score": 0.29090529313327745,
    "support": 17694
  },
  "macro_avg": {
    "precision": 0.2819430394319787,
    "recall": 0.33639358181221873,
    "f1-score": 0.23488340455752604,
    "support": 17694
  }
}