{
  "classes": [
    "A1",
    "A2",
    "B1",
    "B2",
    "C1/C2"
  ],
  "A1": {
    "precision": 0.9286935286935287,
    "recall": 0.95075,
    "f1-score": 0.9395923409512045,
    "support": 4000
  },
  "A2": {
    "precision": 0.885925534724056,
    "recall": 0.83875,
    "f1-score": 0.8616925645306279,
    "support": 4000
  },
  "B1": {
    "precision": 0.8257312840852752,
    "recall": 0.8365143144148669,
    "f1-score": 0.8310878243512974,
    "support": 3982
  },
  "B2": {
    "precision": 0.8170918367346939,
    "recall": 0.8541333333333333,
    "f1-score": 0.8352020860495437,
    "support": 3750
  },
  "C1/C2": {
    "precision": 0.8170795993674222,
    "recall": 0.7746126936531734,
    "f1-score": 0.7952796305797845,
    "support": 2001
  },
  "weighted_avg": {
    "precision": 0.8597309475546844,
    "recall": 0.8595274347262166,
    "f1-score": 0.859295872213959,
    "support": 17733
  },
  "macro_avg": {
    "precision": 0.8549043567209953,
    "recall": 0.8509520682802748,
    "f1-score": 0.8525708892924916,
    "support": 17733
  }
}