{
  "classes": [
    "A1",
    "A2",
    "B1",
    "B2",
    "C1/C2"
  ],
  "A1": {
    "precision": 0.09112709832134293,
    "recall": 0.1919191919191919,
    "f1-score": 0.12357723577235773,
    "support": 198
  },
  "A2": {
    "precision": 0.48936170212765956,
    "recall": 0.23006573306659045,
    "f1-score": 0.3129860031104199,
    "support": 3499
  },
  "B1": {
    "precision": 0.5036183328866256,
    "recall": 0.21121852517985612,
    "f1-score": 0.29761621921279796,
    "support": 8896
  },
  "B2": {
    "precision": 0.24634269379519086,
    "recall": 0.37631646545080916,
    "f1-score": 0.29776422764227645,
    "support": 3893
  },
  "C1/C2": {
    "precision": 0.11924756466241182,
    "recall": 0.5877483443708609,
    "f1-score": 0.19826864004468026,
    "support": 1208
  },
  "weighted_avg": {
    "precision": 0.4133362504593986,
    "recall": 0.2767604837798124,
    "f1-score": 0.2919580003994966,
    "support": 17694
  },
  "macro_avg": {
    "precision": 0.2899394783586462,
    "recall": 0.3194536519974617,
    "f1-score": 0.24604246515650646,
    "support": 17694
  }
}