{
  "classes": [
    "A1",
    "A2",
    "B1",
    "B2",
    "C1/C2"
  ],
  "A1": {
    "precision": 0.9279348102877515,
    "recall": 0.911,
    "f1-score": 0.9193894285353854,
    "support": 4000
  },
  "A2": {
    "precision": 0.8447500661200741,
    "recall": 0.7985,
    "f1-score": 0.8209741678447501,
    "support": 4000
  },
  "B1": {
    "precision": 0.8147220831246871,
    "recall": 0.8171772978402813,
    "f1-score": 0.8159478435305918,
    "support": 3982
  },
  "B2": {
    "precision": 0.821038961038961,
    "recall": 0.8429333333333333,
    "f1-score": 0.8318421052631579,
    "support": 3750
  },
  "C1/C2": {
    "precision": 0.7441540577716643,
    "recall": 0.8110944527736131,
    "f1-score": 0.776183644189383,
    "support": 2001
  },
  "weighted_avg": {
    "precision": 0.840405527216546,
    "recall": 0.8388879490215981,
    "f1-score": 0.8392889000856684,
    "support": 17733
  },
  "macro_avg": {
    "precision": 0.8305199956686277,
    "recall": 0.8361410167894455,
    "f1-score": 0.8328674378726537,
    "support": 17733
  }
}