{
  "classes": [
    "A1",
    "A2",
    "B1",
    "B2",
    "C1/C2"
  ],
  "A1": {
    "precision": 0.9949723479135244,
    "recall": 0.9895,
    "f1-score": 0.9922286287290047,
    "support": 2000
  },
  "A2": {
    "precision": 0.9787128712871287,
    "recall": 0.9885,
    "f1-score": 0.9835820895522388,
    "support": 2000
  },
  "B1": {
    "precision": 0.9770687936191426,
    "recall": 0.9844299347061778,
    "f1-score": 0.9807355516637478,
    "support": 1991
  },
  "B2": {
    "precision": 0.9764075067024128,
    "recall": 0.9712,
    "f1-score": 0.9737967914438502,
    "support": 1875
  },
  "C1/C2": {
    "precision": 0.986815415821501,
    "recall": 0.973,
    "f1-score": 0.9798590130916415,
    "support": 1000
  },
  "weighted_avg": {
    "precision": 0.9824378408961814,
    "recall": 0.9824046920821115,
    "f1-score": 0.9824040059749458,
    "support": 8866
  },
  "macro_avg": {
    "precision": 0.982795387068742,
    "recall": 0.9813259869412356,
    "f1-score": 0.9820404148960966,
    "support": 8866
  }
}