{
  "classes": [
    "A1",
    "A2",
    "B1",
    "B2",
    "C1/C2"
  ],
  "A1": {
    "precision": 0.08624708624708624,
    "recall": 0.37373737373737376,
    "f1-score": 0.14015151515151514,
    "support": 198
  },
  "A2": {
    "precision": 0.5861581920903954,
    "recall": 0.23721063160903116,
    "f1-score": 0.3377416073245168,
    "support": 3499
  },
  "B1": {
    "precision": 0.49932614555256066,
    "recall": 0.08329586330935251,
    "f1-score": 0.14277456647398845,
    "support": 8896
  },
  "B2": {
    "precision": 0.25400551076640476,
    "recall": 0.6393526843051631,
    "f1-score": 0.3635699678644464,
    "support": 3893
  },
  "C1/C2": {
    "precision": 0.11022480058013052,
    "recall": 0.37748344370860926,
    "f1-score": 0.1706267539756782,
    "support": 1208
  },
  "weighted_avg": {
    "precision": 0.4313351893608685,
    "recall": 0.25940996948118006,
    "f1-score": 0.2317805714411662,
    "support": 17694
  },
  "macro_avg": {
    "precision": 0.3071923470473155,
    "recall": 0.34221599933390595,
    "f1-score": 0.23097288215802902,
    "support": 17694
  }
}