{
  "classes": [
    "A1",
    "A2",
    "B1",
    "B2",
    "C1/C2"
  ],
  "A1": {
    "precision": 0.9293587174348698,
    "recall": 0.9275,
    "f1-score": 0.9284284284284284,
    "support": 4000
  },
  "A2": {
    "precision": 0.8511351909184727,
    "recall": 0.82475,
    "f1-score": 0.8377348908075165,
    "support": 4000
  },
  "B1": {
    "precision": 0.8108958837772398,
    "recall": 0.8410346559517831,
    "f1-score": 0.8256903353057199,
    "support": 3982
  },
  "B2": {
    "precision": 0.8038005923000987,
    "recall": 0.8685333333333334,
    "f1-score": 0.8349141245834402,
    "support": 3750
  },
  "C1/C2": {
    "precision": 0.8680926916221033,
    "recall": 0.7301349325337332,
    "f1-score": 0.7931596091205212,
    "support": 2001
  },
  "weighted_avg": {
    "precision": 0.8516477042618585,
    "recall": 0.8501663565104607,
    "f1-score": 0.8498614186640286,
    "support": 17733
  },
  "macro_avg": {
    "precision": 0.8526566152105568,
    "recall": 0.83839058436377,
    "f1-score": 0.8439854776491252,
    "support": 17733
  }
}