{
  "classes": [
    "A1",
    "A2",
    "B1",
    "B2",
    "C1/C2"
  ],
  "A1": {
    "precision": 0.9242115971515769,
    "recall": 0.9085,
    "f1-score": 0.9162884518406454,
    "support": 2000
  },
  "A2": {
    "precision": 0.8087378640776699,
    "recall": 0.833,
    "f1-score": 0.8206896551724138,
    "support": 2000
  },
  "B1": {
    "precision": 0.7776134122287969,
    "recall": 0.7920642893018583,
    "f1-score": 0.7847723314257278,
    "support": 1991
  },
  "B2": {
    "precision": 0.7625482625482626,
    "recall": 0.8426666666666667,
    "f1-score": 0.8006080567519636,
    "support": 1875
  },
  "C1/C2": {
    "precision": 0.9297297297297298,
    "recall": 0.688,
    "f1-score": 0.7908045977011494,
    "support": 1000
  },
  "weighted_avg": {
    "precision": 0.8316754960764438,
    "recall": 0.8265283103992781,
    "f1-score": 0.826571467404221,
    "support": 8866
  },
  "macro_avg": {
    "precision": 0.8405681731472072,
    "recall": 0.812846191193705,
    "f1-score": 0.8226326185783799,
    "support": 8866
  }
}