{
  "classes": [
    "A1",
    "A2",
    "B1",
    "B2",
    "C1/C2"
  ],
  "A1": {
    "precision": 0.11235955056179775,
    "recall": 0.050505050505050504,
    "f1-score": 0.06968641114982578,
    "support": 198
  },
  "A2": {
    "precision": 0.6817434210526315,
    "recall": 0.23692483566733352,
    "f1-score": 0.35164369034994697,
    "support": 3499
  },
  "B1": {
    "precision": 0.41913991520290733,
    "recall": 0.07778776978417266,
    "f1-score": 0.13122214847824026,
    "support": 8896
  },
  "B2": {
    "precision": 0.25846218136230675,
    "recall": 0.3177498073465194,
    "f1-score": 0.2850558820140569,
    "support": 3893
  },
  "C1/C2": {
    "precision": 0.09063504823151125,
    "recall": 0.7466887417218543,
    "f1-score": 0.16164874551971326,
    "support": 1208
  },
  "weighted_avg": {
    "precision": 0.4098573820067019,
    "recall": 0.20741494291850346,
    "f1-score": 0.21004553227495718,
    "support": 17694
  },
  "macro_avg": {
    "precision": 0.3124680232822309,
    "recall": 0.28593124100498607,
    "f1-score": 0.19985137550235663,
    "support": 17694
  }
}