{
  "classes": [
    "A1",
    "A2",
    "B1",
    "B2",
    "C1/C2"
  ],
  "A1": {
    "precision": 0.9478042659974906,
    "recall": 0.94425,
    "f1-score": 0.9460237946149029,
    "support": 4000
  },
  "A2": {
    "precision": 0.8901070882202957,
    "recall": 0.87275,
    "f1-score": 0.8813430951779854,
    "support": 4000
  },
  "B1": {
    "precision": 0.8629901960784314,
    "recall": 0.8842290306378704,
    "f1-score": 0.8734805259240883,
    "support": 3982
  },
  "B2": {
    "precision": 0.8459994983697016,
    "recall": 0.8994666666666666,
    "f1-score": 0.871914178622205,
    "support": 3750
  },
  "C1/C2": {
    "precision": 0.8908470722001137,
    "recall": 0.7831084457771115,
    "f1-score": 0.8335106382978723,
    "support": 2001
  },
  "weighted_avg": {
    "precision": 0.8877886137717401,
    "recall": 0.886990356961597,
    "f1-score": 0.8867760655539719,
    "support": 17733
  },
  "macro_avg": {
    "precision": 0.8875496241732066,
    "recall": 0.8767608286163296,
    "f1-score": 0.8812544465274108,
    "support": 17733
  }
}