{
  "classes": [
    "A1",
    "A2",
    "B1",
    "B2",
    "C1/C2"
  ],
  "A1": {
    "precision": 0.08201892744479496,
    "recall": 0.26262626262626265,
    "f1-score": 0.125,
    "support": 198
  },
  "A2": {
    "precision": 0.46017699115044247,
    "recall": 0.22292083452414976,
    "f1-score": 0.30034655371582597,
    "support": 3499
  },
  "B1": {
    "precision": 0.5319200779727096,
    "recall": 0.2453911870503597,
    "f1-score": 0.33584615384615385,
    "support": 8896
  },
  "B2": {
    "precision": 0.2549851019940408,
    "recall": 0.5715386591317749,
    "f1-score": 0.352642840161661,
    "support": 3893
  },
  "C1/C2": {
    "precision": 0.18027613412228796,
    "recall": 0.3783112582781457,
    "f1-score": 0.24418915308576009,
    "support": 1208
  },
  "weighted_avg": {
    "precision": 0.427760293059637,
    "recall": 0.3219735503560529,
    "f1-score": 0.3239046597572061,
    "support": 17694
  },
  "macro_avg": {
    "precision": 0.30187544653685516,
    "recall": 0.3361576403221386,
    "f1-score": 0.2716049401618802,
    "support": 17694
  }
}