{
  "classes": [
    "A1",
    "A2",
    "B1",
    "B2",
    "C1/C2"
  ],
  "A1": {
    "precision": 0.07837582625118036,
    "recall": 0.41919191919191917,
    "f1-score": 0.13206046141607,
    "support": 198
  },
  "A2": {
    "precision": 0.5815789473684211,
    "recall": 0.1894827093455273,
    "f1-score": 0.2858374649708989,
    "support": 3499
  },
  "B1": {
    "precision": 0.5030467163168585,
    "recall": 0.0835206834532374,
    "f1-score": 0.14325653137954306,
    "support": 8896
  },
  "B2": {
    "precision": 0.25617853190704537,
    "recall": 0.7135884921654251,
    "f1-score": 0.37701024631878943,
    "support": 3893
  },
  "C1/C2": {
    "precision": 0.10775047258979206,
    "recall": 0.28311258278145696,
    "f1-score": 0.1560931081697855,
    "support": 1208
  },
  "weighted_avg": {
    "precision": 0.4325213255565281,
    "recall": 0.26048377981236576,
    "f1-score": 0.2236331371105528,
    "support": 17694
  },
  "macro_avg": {
    "precision": 0.3053860988866594,
    "recall": 0.3377792773875131,
    "f1-score": 0.2188515624510174,
    "support": 17694
  }
}