{
  "classes": [
    "A1",
    "A2",
    "B1",
    "B2",
    "C1/C2"
  ],
  "A1": {
    "precision": 0.9925224327018943,
    "recall": 0.9955,
    "f1-score": 0.9940089865202196,
    "support": 2000
  },
  "A2": {
    "precision": 0.9860209685471792,
    "recall": 0.9875,
    "f1-score": 0.9867599300524607,
    "support": 2000
  },
  "B1": {
    "precision": 0.9794486215538847,
    "recall": 0.9814163736815671,
    "f1-score": 0.980431510286001,
    "support": 1991
  },
  "B2": {
    "precision": 0.9817400644468314,
    "recall": 0.9749333333333333,
    "f1-score": 0.9783248595129783,
    "support": 1875
  },
  "C1/C2": {
    "precision": 0.981,
    "recall": 0.981,
    "f1-score": 0.981,
    "support": 1000
  },
  "weighted_avg": {
    "precision": 0.9845399987423572,
    "recall": 0.984547710354162,
    "f1-score": 0.9845405009825877,
    "support": 8866
  },
  "macro_avg": {
    "precision": 0.9841464174499579,
    "recall": 0.9840699414029801,
    "f1-score": 0.9841050572743318,
    "support": 8866
  }
}