{
  "timestamp": "2025-11-26T07:23:28.823054",
  "configuration": {
    "experiment_name": "Experiment0_RoBERTa_baseline",
    "output_dir": "results/Experiment0_RoBERTa_baseline",
    "train_path": "dataset/splits/train_100k.csv",
    "test_path": "dataset/splits/test_other_corpora.csv",
    "val_size": 0.2,
    "random_state": 42,
    "model_name": "roberta-base",
    "max_length": 512,
    "batch_size": 16,
    "epochs": 4,
    "learning_rate": 2e-05,
    "weight_decay": 0.01,
    "freeze_encoder": false
  },
  "in_domain_test_results": {
    "accuracy": 0.984547710354162,
    "adjacent_accuracy": 0.9965034965034965,
    "qwk": 0.9915397464083431,
    "oca": 0.9912305436498985,
    "classification_metrics": {
      "per_class": {
        "A1": {
          "precision": 0.9925224327018943,
          "recall": 0.9955,
          "f1": 0.9940089865202196,
          "support": 2000
        },
        "A2": {
          "precision": 0.9860209685471792,
          "recall": 0.9875,
          "f1": 0.9867599300524607,
          "support": 2000
        },
        "B1": {
          "precision": 0.9794486215538847,
          "recall": 0.9814163736815671,
          "f1": 0.980431510286001,
          "support": 1991
        },
        "B2": {
          "precision": 0.9817400644468314,
          "recall": 0.9749333333333333,
          "f1": 0.9783248595129783,
          "support": 1875
        },
        "C1/C2": {
          "precision": 0.981,
          "recall": 0.981,
          "f1": 0.981,
          "support": 1000
        }
      },
      "weighted_avg": {
        "precision": 0.9845399987423572,
        "recall": 0.984547710354162,
        "f1": 0.9845405009825877,
        "support": 8866
      },
      "macro_avg": {
        "precision": 0.9841464174499579,
        "recall": 0.9840699414029801,
        "f1": 0.9841050572743318,
        "support": 8866
      }
    }
  },
  "test_results": {
    "accuracy": 0.26048377981236576,
    "adjacent_accuracy": 0.8090313100486041,
    "qwk": 0.3484388110825902,
    "oca": 0.5780349270939301,
    "classification_metrics": {
      "per_class": {
        "A1": {
          "precision": 0.07837582625118036,
          "recall": 0.41919191919191917,
          "f1": 0.13206046141607,
          "support": 198
        },
        "A2": {
          "precision": 0.5815789473684211,
          "recall": 0.1894827093455273,
          "f1": 0.2858374649708989,
          "support": 3499
        },
        "B1": {
          "precision": 0.5030467163168585,
          "recall": 0.0835206834532374,
          "f1": 0.14325653137954306,
          "support": 8896
        },
        "B2": {
          "precision": 0.25617853190704537,
          "recall": 0.7135884921654251,
          "f1": 0.37701024631878943,
          "support": 3893
        },
        "C1/C2": {
          "precision": 0.10775047258979206,
          "recall": 0.28311258278145696,
          "f1": 0.1560931081697855,
          "support": 1208
        }
      },
      "weighted_avg": {
        "precision": 0.4325213255565281,
        "recall": 0.26048377981236576,
        "f1": 0.2236331371105528,
        "support": 17694
      },
      "macro_avg": {
        "precision": 0.3053860988866594,
        "recall": 0.3377792773875131,
        "f1": 0.2188515624510174,
        "support": 17694
      }
    }
  },
  "generalization": {
    "gap": 0.7240639305417962,
    "gap_percentage": 72.40639305417962
  },
  "per_corpus_results": {
    "asag": {
      "accuracy": 0.4180602006688963,
      "samples": 299
    },
    "icnale_we_learners": {
      "accuracy": 0.07596153846153846,
      "samples": 5200
    },
    "icnale_we_uae_learners": {
      "accuracy": 0.505,
      "samples": 200
    },
    "icnale_wep_learners": {
      "accuracy": 0.2848101265822785,
      "samples": 1896
    },
    "write_improve_first_and_final": {
      "accuracy": 0.34141994256857117,
      "samples": 10099
    }
  }
}