{
  "classes": [
    "A1",
    "A2",
    "B1",
    "B2",
    "C1/C2"
  ],
  "A1": {
    "precision": 0.07698289269051321,
    "recall": 0.5,
    "f1-score": 0.1334231805929919,
    "support": 198
  },
  "A2": {
    "precision": 0.5821033210332104,
    "recall": 0.1803372392112032,
    "f1-score": 0.2753654811259001,
    "support": 3499
  },
  "B1": {
    "precision": 0.5229970326409495,
    "recall": 0.07924910071942447,
    "f1-score": 0.1376415462709879,
    "support": 8896
  },
  "B2": {
    "precision": 0.25397265336289726,
    "recall": 0.7061392242486514,
    "f1-score": 0.3735815723313175,
    "support": 3893
  },
  "C1/C2": {
    "precision": 0.0983502538071066,
    "recall": 0.25662251655629137,
    "f1-score": 0.14220183486238533,
    "support": 1208
  },
  "weighted_avg": {
    "precision": 0.44151273773949107,
    "recall": 0.2539844014920312,
    "f1-score": 0.21705175095756898,
    "support": 17694
  },
  "macro_avg": {
    "precision": 0.3068812307069354,
    "recall": 0.34446961614711413,
    "f1-score": 0.21244272303671657,
    "support": 17694
  }
}