{
  "classes": [
    "A1",
    "A2",
    "B1",
    "B2",
    "C1/C2"
  ],
  "A1": {
    "precision": 0.9910269192422732,
    "recall": 0.994,
    "f1-score": 0.9925112331502746,
    "support": 2000
  },
  "A2": {
    "precision": 0.9791252485089463,
    "recall": 0.985,
    "f1-score": 0.9820538384845464,
    "support": 2000
  },
  "B1": {
    "precision": 0.9792929292929293,
    "recall": 0.9738824711200402,
    "f1-score": 0.976580206497104,
    "support": 1991
  },
  "B2": {
    "precision": 0.9722518676627535,
    "recall": 0.9717333333333333,
    "f1-score": 0.9719925313416912,
    "support": 1875
  },
  "C1/C2": {
    "precision": 0.9778672032193159,
    "recall": 0.972,
    "f1-score": 0.9749247743229689,
    "support": 1000
  },
  "weighted_avg": {
    "precision": 0.9802522008585202,
    "recall": 0.9802616738100609,
    "f1-score": 0.9802517600940689,
    "support": 8866
  },
  "macro_avg": {
    "precision": 0.9799128335852437,
    "recall": 0.9793231608906747,
    "f1-score": 0.9796125167593169,
    "support": 8866
  }
}